{"cameraMode":{"drawMode":0,"name":"Shaded","section":"Shading Mode"},"sceneLighting":false,"audioPlay":false,"sceneViewState":{"m_AlwaysRefresh":true,"showFog":true,"showSkybox":false,"showFlares":true,"showImageEffects":true,"showParticleSystems":true,"showVisualEffectGraphs":true,"m_FxEnabled":true},"in2DMode":false,"pivot":{"x":-7.388801097869873,"y":3.251696825027466,"z":1.1691935062408448},"rotation":{"x":-0.08745835721492768,"y":-0.7691311836242676,"z":0.10664007812738419,"w":-0.6245721578598023},"size":0.25980761647224429,"orthographic":false}