{"cameraMode":{"drawMode":0,"name":"Shaded","section":"Shading Mode"},"sceneLighting":false,"audioPlay":false,"sceneViewState":{"m_AlwaysRefresh":true,"showFog":true,"showSkybox":false,"showFlares":true,"showImageEffects":true,"showParticleSystems":true,"showVisualEffectGraphs":true,"m_FxEnabled":true},"in2DMode":false,"pivot":{"x":-3.9951648712158205,"y":1.1188957691192628,"z":-0.11636635661125183},"rotation":{"x":0.0015056090196594596,"y":-0.6657198071479797,"z":-0.0023556689266115429,"w":-0.7466505169868469},"size":0.2837164103984833,"orthographic":false}