{"cameraMode":{"drawMode":0,"name":"Shaded","section":"Shading Mode"},"sceneLighting":false,"audioPlay":false,"sceneViewState":{"m_AlwaysRefresh":true,"showFog":true,"showSkybox":false,"showFlares":true,"showImageEffects":true,"showParticleSystems":true,"showVisualEffectGraphs":true,"m_FxEnabled":true},"in2DMode":false,"pivot":{"x":-1.3690850734710694,"y":1.1666258573532105,"z":0.8366160988807678},"rotation":{"x":-0.06413697451353073,"y":-0.8566652536392212,"z":0.10847170650959015,"w":-0.5008668899536133},"size":0.25980761647224429,"orthographic":false}