{"cameraMode":{"drawMode":0,"name":"Shaded","section":"Shading Mode"},"sceneLighting":false,"audioPlay":false,"sceneViewState":{"m_AlwaysRefresh":true,"showFog":true,"showSkybox":false,"showFlares":true,"showImageEffects":true,"showParticleSystems":true,"showVisualEffectGraphs":true,"m_FxEnabled":true},"in2DMode":false,"pivot":{"x":-1.604810118675232,"y":1.4487360715866089,"z":0.7792564630508423},"rotation":{"x":-0.03243611380457878,"y":-0.9670252203941345,"z":0.20481348037719727,"w":-0.15011627972126008},"size":0.25980761647224429,"orthographic":false}