{"cameraMode":{"drawMode":0,"name":"Shaded","section":"Shading Mode"},"sceneLighting":false,"audioPlay":false,"sceneViewState":{"m_AlwaysRefresh":true,"showFog":true,"showSkybox":false,"showFlares":true,"showImageEffects":true,"showParticleSystems":true,"showVisualEffectGraphs":true,"m_FxEnabled":true},"in2DMode":false,"pivot":{"x":-2.0491573810577394,"y":1.3730276823043824,"z":0.29573380947113039},"rotation":{"x":-0.05112571269273758,"y":-0.944707453250885,"z":0.17349526286125184,"w":-0.27474766969680788},"size":0.25980761647224429,"orthographic":false}