{"cameraMode":{"drawMode":0,"name":"Shaded","section":"Shading Mode"},"sceneLighting":false,"audioPlay":false,"sceneViewState":{"m_AlwaysRefresh":true,"showFog":true,"showSkybox":false,"showFlares":true,"showImageEffects":true,"showParticleSystems":true,"showVisualEffectGraphs":true,"m_FxEnabled":true},"in2DMode":false,"pivot":{"x":-2.217724561691284,"y":1.6218609809875489,"z":0.1601572036743164},"rotation":{"x":-0.09482122957706452,"y":-0.7474699020385742,"z":0.10818669199943543,"w":-0.6490521430969238},"size":0.25980761647224429,"orthographic":false}