{"cameraMode":{"drawMode":0,"name":"Shaded","section":"Shading Mode"},"sceneLighting":false,"audioPlay":false,"sceneViewState":{"m_AlwaysRefresh":true,"showFog":true,"showSkybox":false,"showFlares":true,"showImageEffects":true,"showParticleSystems":true,"showVisualEffectGraphs":true,"m_FxEnabled":true},"in2DMode":false,"pivot":{"x":3.2674570083618166,"y":2.7213525772094728,"z":-1.2427875995635987},"rotation":{"x":0.3289315700531006,"y":0.03541925549507141,"z":-0.012290559709072113,"w":0.9436546564102173},"size":1.570879340171814,"orthographic":false}