{"cameraMode":{"drawMode":0,"name":"Shaded","section":"Shading Mode"},"sceneLighting":true,"audioPlay":false,"sceneViewState":{"m_AlwaysRefresh":true,"showFog":true,"showSkybox":true,"showFlares":true,"showImageEffects":true,"showParticleSystems":true,"showVisualEffectGraphs":true,"m_FxEnabled":true},"in2DMode":false,"pivot":{"x":-10.527325630187989,"y":7.646545886993408,"z":-5.938310146331787},"rotation":{"x":0.29882001876831057,"y":0.10712306201457977,"z":-0.03361000120639801,"w":0.9477880597114563},"size":1.2303091287612916,"orthographic":false}