{"cameraMode":{"drawMode":0,"name":"Shaded","section":"Shading Mode"},"sceneLighting":true,"audioPlay":false,"sceneViewState":{"m_AlwaysRefresh":true,"showFog":true,"showSkybox":true,"showFlares":true,"showImageEffects":true,"showParticleSystems":true,"showVisualEffectGraphs":true,"m_FxEnabled":true},"in2DMode":false,"pivot":{"x":-7.813479423522949,"y":2.1569738388061525,"z":-0.020061301067471505},"rotation":{"x":-0.26168093085289,"y":0.025724008679389955,"z":-0.011836049146950245,"w":-0.9651415944099426},"size":4.997561931610107,"orthographic":false}