{"cameraMode":{"drawMode":0,"name":"Shaded","section":"Shading Mode"},"sceneLighting":true,"audioPlay":false,"sceneViewState":{"m_AlwaysRefresh":true,"showFog":true,"showSkybox":true,"showFlares":true,"showImageEffects":true,"showParticleSystems":true,"showVisualEffectGraphs":true,"m_FxEnabled":true},"in2DMode":false,"pivot":{"x":-1.9394646883010865,"y":7.554353713989258,"z":-3.4092347621917726},"rotation":{"x":0.3216155171394348,"y":0.04968240484595299,"z":-0.016895433887839319,"w":0.9454294443130493},"size":1.3449110984802247,"orthographic":false}