{"cameraMode":{"drawMode":0,"name":"Shaded","section":"Shading Mode"},"sceneLighting":true,"audioPlay":false,"sceneViewState":{"m_AlwaysRefresh":true,"showFog":true,"showSkybox":true,"showFlares":true,"showImageEffects":true,"showParticleSystems":true,"showVisualEffectGraphs":true,"m_FxEnabled":true},"in2DMode":false,"pivot":{"x":-1.6729751825332642,"y":4.2470808029174809,"z":-3.398493766784668},"rotation":{"x":-0.22508125007152558,"y":-0.11738662421703339,"z":0.025715187191963197,"w":-0.967862606048584},"size":0.5197007656097412,"orthographic":false}