{"cameraMode":{"drawMode":0,"name":"Shaded","section":"Shading Mode"},"sceneLighting":true,"audioPlay":false,"sceneViewState":{"m_AlwaysRefresh":true,"showFog":true,"showSkybox":true,"showFlares":true,"showImageEffects":true,"showParticleSystems":true,"showVisualEffectGraphs":true,"m_FxEnabled":true},"in2DMode":false,"pivot":{"x":-2.0351569652557375,"y":6.905976295471191,"z":-6.373476982116699},"rotation":{"x":-0.2801307439804077,"y":-0.08170098811388016,"z":-0.002897819271311164,"w":-0.9589229822158814},"size":0.4330126941204071,"orthographic":false}