{"cameraMode":{"drawMode":0,"name":"Shaded","section":"Shading Mode"},"sceneLighting":true,"audioPlay":false,"sceneViewState":{"m_AlwaysRefresh":true,"showFog":true,"showSkybox":true,"showFlares":true,"showImageEffects":true,"showParticleSystems":true,"showVisualEffectGraphs":true,"m_FxEnabled":true},"in2DMode":false,"pivot":{"x":-2.1176931858062746,"y":-7.178806304931641,"z":4.3244757652282719},"rotation":{"x":-0.3817131817340851,"y":0.008421147242188454,"z":-0.01155172660946846,"w":-0.9247414469718933},"size":10.449999809265137,"orthographic":false}