{"cameraMode":{"drawMode":0,"name":"Shaded","section":"Shading Mode"},"sceneLighting":true,"audioPlay":false,"sceneViewState":{"m_AlwaysRefresh":true,"showFog":true,"showSkybox":true,"showFlares":true,"showImageEffects":true,"showParticleSystems":true,"showVisualEffectGraphs":true,"m_FxEnabled":true},"in2DMode":false,"pivot":{"x":-13.040508270263672,"y":1.8202319145202637,"z":1.7427955865859986},"rotation":{"x":-0.23708516359329225,"y":0.15166223049163819,"z":-0.03768441453576088,"w":-0.9589630961418152},"size":5.3566460609436039,"orthographic":false}