{"cameraMode":{"drawMode":0,"name":"Shaded","section":"Shading Mode"},"sceneLighting":true,"audioPlay":false,"sceneViewState":{"m_AlwaysRefresh":true,"showFog":true,"showSkybox":true,"showFlares":true,"showImageEffects":true,"showParticleSystems":true,"showVisualEffectGraphs":true,"m_FxEnabled":true},"in2DMode":false,"pivot":{"x":-2.0500407218933107,"y":3.987539529800415,"z":-0.9550620913505554},"rotation":{"x":0.2579641044139862,"y":0.2996561527252197,"z":-0.08435039967298508,"w":0.9147946238517761},"size":0.25980764627456667,"orthographic":false}