{"cameraMode":{"drawMode":0,"name":"Shaded","section":"Shading Mode"},"sceneLighting":true,"audioPlay":false,"sceneViewState":{"m_AlwaysRefresh":true,"showFog":true,"showSkybox":true,"showFlares":true,"showImageEffects":true,"showParticleSystems":true,"showVisualEffectGraphs":true,"m_FxEnabled":true},"in2DMode":false,"pivot":{"x":-0.4383799433708191,"y":10.782493591308594,"z":-14.007726669311524},"rotation":{"x":0.26064532995224,"y":0.03288114443421364,"z":0.005805375054478645,"w":0.967210590839386},"size":0.4330126941204071,"orthographic":false}