{"cameraMode":{"drawMode":0,"name":"Shaded","section":"Shading Mode"},"sceneLighting":true,"audioPlay":false,"sceneViewState":{"m_AlwaysRefresh":true,"showFog":true,"showSkybox":true,"showFlares":true,"showImageEffects":true,"showParticleSystems":true,"showVisualEffectGraphs":true,"m_FxEnabled":true},"in2DMode":false,"pivot":{"x":-5.915572643280029,"y":-3.9258811473846437,"z":-1.4149515628814698},"rotation":{"x":0.47853538393974306,"y":0.023905811831355096,"z":-0.008808138780295849,"w":0.8780558705329895},"size":8.188199043273926,"orthographic":false}