{"cameraMode":{"drawMode":0,"name":"Shaded","section":"Shading Mode"},"sceneLighting":true,"audioPlay":false,"sceneViewState":{"m_AlwaysRefresh":true,"showFog":true,"showSkybox":true,"showFlares":true,"showImageEffects":true,"showParticleSystems":true,"showVisualEffectGraphs":true,"m_FxEnabled":true},"in2DMode":false,"pivot":{"x":3.4406590461730959,"y":9.251357078552246,"z":-7.792271614074707},"rotation":{"x":0.368524968624115,"y":-0.00044708140194416046,"z":0.004325801972299814,"w":0.9313293695449829},"size":0.3570714294910431,"orthographic":false}