{"cameraMode":{"drawMode":0,"name":"Shaded","section":"Shading Mode"},"sceneLighting":true,"audioPlay":false,"sceneViewState":{"m_AlwaysRefresh":true,"showFog":true,"showSkybox":true,"showFlares":true,"showImageEffects":true,"showParticleSystems":true,"showVisualEffectGraphs":true,"m_FxEnabled":true},"in2DMode":false,"pivot":{"x":1.3406331539154053,"y":-4.5281524658203129,"z":1.2824020385742188},"rotation":{"x":0.3928728699684143,"y":0.06912097334861756,"z":-0.024398338049650193,"w":0.9170694351196289},"size":12.12435531616211,"orthographic":false}