{"cameraMode":{"drawMode":0,"name":"Shaded","section":"Shading Mode"},"sceneLighting":true,"audioPlay":false,"sceneViewState":{"m_AlwaysRefresh":true,"showFog":true,"showSkybox":true,"showFlares":true,"showImageEffects":true,"showParticleSystems":true,"showVisualEffectGraphs":true,"m_FxEnabled":true},"in2DMode":false,"pivot":{"x":-4.4929609298706059,"y":8.747479438781739,"z":-5.841644287109375},"rotation":{"x":0.4168039560317993,"y":-0.013347325846552849,"z":0.011243983171880246,"w":0.9092532992362976},"size":4.997561931610107,"orthographic":false}