{"cameraMode":{"drawMode":0,"name":"Shaded","section":"Shading Mode"},"sceneLighting":true,"audioPlay":false,"sceneViewState":{"m_AlwaysRefresh":true,"showFog":true,"showSkybox":true,"showFlares":true,"showImageEffects":true,"showParticleSystems":true,"showVisualEffectGraphs":true,"m_FxEnabled":true},"in2DMode":false,"pivot":{"x":-4.221333980560303,"y":1.1094577312469483,"z":1.6405304670333863},"rotation":{"x":0.37560856342315676,"y":0.0028511511627584697,"z":0.003884237725287676,"w":0.9271783232688904},"size":4.997561931610107,"orthographic":false}