{"cameraMode":{"drawMode":0,"name":"Shaded","section":"Shading Mode"},"sceneLighting":true,"audioPlay":false,"sceneViewState":{"m_AlwaysRefresh":true,"showFog":true,"showSkybox":true,"showFlares":true,"showImageEffects":true,"showParticleSystems":true,"showVisualEffectGraphs":true,"m_FxEnabled":true},"in2DMode":false,"pivot":{"x":1.577653408050537,"y":14.388993263244629,"z":-8.206798553466797},"rotation":{"x":0.4246918857097626,"y":-0.03253893181681633,"z":0.015397691167891026,"w":0.904690682888031},"size":0.14999991655349732,"orthographic":false}