{"cameraMode":{"drawMode":0,"name":"Shaded","section":"Shading Mode"},"sceneLighting":true,"audioPlay":false,"sceneViewState":{"m_AlwaysRefresh":true,"showFog":true,"showSkybox":true,"showFlares":true,"showImageEffects":true,"showParticleSystems":true,"showVisualEffectGraphs":true,"m_FxEnabled":true},"in2DMode":false,"pivot":{"x":-1.8417527675628663,"y":6.087777137756348,"z":-2.9378912448883058},"rotation":{"x":-0.3430372178554535,"y":-0.14221777021884919,"z":0.05241921916604042,"w":-0.9272499084472656},"size":0.25980764627456667,"orthographic":false}