{"cameraMode":{"drawMode":0,"name":"Shaded","section":"Shading Mode"},"sceneLighting":true,"audioPlay":false,"sceneViewState":{"m_AlwaysRefresh":true,"showFog":true,"showSkybox":true,"showFlares":true,"showImageEffects":true,"showParticleSystems":true,"showVisualEffectGraphs":true,"m_FxEnabled":true},"in2DMode":false,"pivot":{"x":-4.381830215454102,"y":2.6545729637145998,"z":0.7189414501190186},"rotation":{"x":-0.15636521577835084,"y":-0.6473007798194885,"z":0.10738135129213333,"w":-0.7413834929466248},"size":0.4330126941204071,"orthographic":false}