{"cameraMode":{"drawMode":0,"name":"Shaded","section":"Shading Mode"},"sceneLighting":true,"audioPlay":false,"sceneViewState":{"m_AlwaysRefresh":true,"showFog":true,"showSkybox":true,"showFlares":true,"showImageEffects":true,"showParticleSystems":true,"showVisualEffectGraphs":true,"m_FxEnabled":true},"in2DMode":false,"pivot":{"x":-1.365861177444458,"y":-5.0653228759765629,"z":32.945011138916019},"rotation":{"x":0.13097788393497468,"y":0.05302815139293671,"z":0.0026606181636452677,"w":0.9917847514152527},"size":14.787765502929688,"orthographic":false}