{"cameraMode":{"drawMode":0,"name":"Shaded","section":"Shading Mode"},"sceneLighting":true,"audioPlay":false,"sceneViewState":{"m_AlwaysRefresh":true,"showFog":true,"showSkybox":true,"showFlares":true,"showImageEffects":true,"showParticleSystems":true,"showVisualEffectGraphs":true,"m_FxEnabled":true},"in2DMode":false,"pivot":{"x":-7.728616237640381,"y":7.746787071228027,"z":-4.115528106689453},"rotation":{"x":0.2734040915966034,"y":-0.008583132177591324,"z":0.003817522432655096,"w":0.9620575904846191},"size":5.115596771240234,"orthographic":false}