{"cameraMode":{"drawMode":0,"name":"Shaded","section":"Shading Mode"},"sceneLighting":false,"audioPlay":false,"sceneViewState":{"m_AlwaysRefresh":true,"showFog":true,"showSkybox":false,"showFlares":true,"showImageEffects":true,"showParticleSystems":true,"showVisualEffectGraphs":true,"m_FxEnabled":true},"in2DMode":false,"pivot":{"x":0.7173759937286377,"y":1.2685728073120118,"z":0.8682535886764526},"rotation":{"x":-0.19367606937885285,"y":-0.5348512530326843,"z":0.12589140236377717,"w":-0.8142946362495422},"size":1.475865364074707,"orthographic":false}