{"cameraMode":{"drawMode":0,"name":"Shaded","section":"Shading Mode"},"sceneLighting":false,"audioPlay":false,"sceneViewState":{"m_AlwaysRefresh":true,"showFog":true,"showSkybox":false,"showFlares":true,"showImageEffects":true,"showParticleSystems":true,"showVisualEffectGraphs":true,"m_FxEnabled":true},"in2DMode":false,"pivot":{"x":-0.5302239060401917,"y":2.0313191413879396,"z":-0.050973862409591678},"rotation":{"x":-0.14602407813072205,"y":-0.1851249635219574,"z":0.02669093944132328,"w":-0.9727276563644409},"size":1.475865364074707,"orthographic":false}