{"cameraMode":{"drawMode":0,"name":"Shaded","section":"Shading Mode"},"sceneLighting":false,"audioPlay":false,"sceneViewState":{"m_AlwaysRefresh":true,"showFog":true,"showSkybox":false,"showFlares":true,"showImageEffects":true,"showParticleSystems":true,"showVisualEffectGraphs":true,"m_FxEnabled":true},"in2DMode":false,"pivot":{"x":-1.771278977394104,"y":2.1025712490081789,"z":1.4150811433792115},"rotation":{"x":-0.1879708468914032,"y":-0.6886606216430664,"z":0.18619780242443086,"w":-0.6775413751602173},"size":0.0007173361955210567,"orthographic":false}