{"cameraMode":{"drawMode":0,"name":"Shaded","section":"Shading Mode"},"sceneLighting":false,"audioPlay":false,"sceneViewState":{"m_AlwaysRefresh":true,"showFog":true,"showSkybox":false,"showFlares":true,"showImageEffects":true,"showParticleSystems":true,"showVisualEffectGraphs":true,"m_FxEnabled":true},"in2DMode":false,"pivot":{"x":-2.5621187686920168,"y":3.081663131713867,"z":4.371562480926514},"rotation":{"x":-0.07417617738246918,"y":-0.8885396718978882,"z":0.14389698207378388,"w":-0.43313536047935488},"size":0.0007173361955210567,"orthographic":false}