{"cameraMode":{"drawMode":0,"name":"Shaded","section":"Shading Mode"},"sceneLighting":false,"audioPlay":false,"sceneViewState":{"m_AlwaysRefresh":true,"showFog":true,"showSkybox":false,"showFlares":true,"showImageEffects":true,"showParticleSystems":true,"showVisualEffectGraphs":true,"m_FxEnabled":true},"in2DMode":false,"pivot":{"x":-0.7619467973709106,"y":1.5876935720443726,"z":1.659560203552246},"rotation":{"x":-0.22284090518951417,"y":-0.5746438503265381,"z":0.16065295040607453,"w":-0.7730602025985718},"size":0.0007173361955210567,"orthographic":false}