{"cameraMode":{"drawMode":0,"name":"Shaded","section":"Shading Mode"},"sceneLighting":false,"audioPlay":false,"sceneViewState":{"m_AlwaysRefresh":true,"showFog":true,"showSkybox":false,"showFlares":true,"showImageEffects":true,"showParticleSystems":true,"showVisualEffectGraphs":true,"m_FxEnabled":true},"in2DMode":false,"pivot":{"x":-1.1509729623794556,"y":1.8308055400848389,"z":1.1008116006851197},"rotation":{"x":-0.20382602512836457,"y":-0.6795081496238709,"z":0.19891828298568726,"w":-0.678558886051178},"size":0.4314955770969391,"orthographic":false}