{"cameraMode":{"drawMode":0,"name":"Shaded","section":"Shading Mode"},"sceneLighting":false,"audioPlay":false,"sceneViewState":{"m_AlwaysRefresh":true,"showFog":true,"showSkybox":false,"showFlares":true,"showImageEffects":true,"showParticleSystems":true,"showVisualEffectGraphs":true,"m_FxEnabled":true},"in2DMode":false,"pivot":{"x":0.027311470359563829,"y":0.9948511123657227,"z":3.9466588497161867},"rotation":{"x":0.22043539583683015,"y":0.16912995278835298,"z":-0.030078979209065439,"w":0.9620242714881897},"size":0.9861781001091003,"orthographic":false}