{"cameraMode":{"drawMode":0,"name":"Shaded","section":"Shading Mode"},"sceneLighting":false,"audioPlay":false,"sceneViewState":{"m_AlwaysRefresh":true,"showFog":true,"showSkybox":false,"showFlares":true,"showImageEffects":true,"showParticleSystems":true,"showVisualEffectGraphs":true,"m_FxEnabled":true},"in2DMode":false,"pivot":{"x":-6.515902042388916,"y":2.0924911499023439,"z":-0.7357723712921143},"rotation":{"x":0.19526350498199464,"y":0.36896955966949465,"z":-0.07948402315378189,"w":0.9052919149398804},"size":1.2224853038787842,"orthographic":false}