{"cameraMode":{"drawMode":0,"name":"Shaded","section":"Shading Mode"},"sceneLighting":false,"audioPlay":false,"sceneViewState":{"m_AlwaysRefresh":true,"showFog":true,"showSkybox":false,"showFlares":true,"showImageEffects":true,"showParticleSystems":true,"showVisualEffectGraphs":true,"m_FxEnabled":true},"in2DMode":false,"pivot":{"x":-6.510451316833496,"y":2.9053609371185304,"z":-3.0061092376708986},"rotation":{"x":0.29383400082588198,"y":0.2554391026496887,"z":-0.08171398192644119,"w":0.9175362586975098},"size":1.2224853038787842,"orthographic":false}