{"cameraMode":{"drawMode":0,"name":"Shaded","section":"Shading Mode"},"sceneLighting":false,"audioPlay":false,"sceneViewState":{"m_AlwaysRefresh":true,"showFog":true,"showSkybox":false,"showFlares":true,"showImageEffects":true,"showParticleSystems":true,"showVisualEffectGraphs":true,"m_FxEnabled":true},"in2DMode":false,"pivot":{"x":-6.147367000579834,"y":2.3944976329803469,"z":-0.9978087544441223},"rotation":{"x":0.12924374639987946,"y":0.45950978994369509,"z":-0.06767014414072037,"w":0.876187264919281},"size":1.2224853038787842,"orthographic":false}