{"cameraMode":{"drawMode":0,"name":"Shaded","section":"Shading Mode"},"sceneLighting":false,"audioPlay":false,"sceneViewState":{"m_AlwaysRefresh":true,"showFog":true,"showSkybox":false,"showFlares":true,"showImageEffects":true,"showParticleSystems":true,"showVisualEffectGraphs":true,"m_FxEnabled":true},"in2DMode":false,"pivot":{"x":-7.704768657684326,"y":3.6058247089385988,"z":-1.1920630931854249},"rotation":{"x":0.4518476128578186,"y":0.03326842933893204,"z":-0.013302258215844632,"w":0.891701877117157},"size":1.2971121072769166,"orthographic":false}