{"cameraMode":{"drawMode":0,"name":"Shaded","section":"Shading Mode"},"sceneLighting":false,"audioPlay":false,"sceneViewState":{"m_AlwaysRefresh":true,"showFog":true,"showSkybox":false,"showFlares":true,"showImageEffects":true,"showParticleSystems":true,"showVisualEffectGraphs":true,"m_FxEnabled":true},"in2DMode":false,"pivot":{"x":-8.144505500793457,"y":0.8745999932289124,"z":-0.17618192732334138},"rotation":{"x":0.21365761756896974,"y":0.4232414662837982,"z":-0.09963652491569519,"w":0.8751316070556641},"size":1.2971121072769166,"orthographic":false}