{"cameraMode":{"drawMode":0,"name":"Shaded","section":"Shading Mode"},"sceneLighting":true,"audioPlay":false,"sceneViewState":{"m_AlwaysRefresh":true,"showFog":true,"showSkybox":false,"showFlares":true,"showImageEffects":true,"showParticleSystems":true,"showVisualEffectGraphs":true,"m_FxEnabled":true},"in2DMode":false,"pivot":{"x":-8.312154769897461,"y":4.848100662231445,"z":-0.42725521326065066},"rotation":{"x":0.4614109694957733,"y":0.0012879858259111643,"z":0.00314854527823627,"w":0.8875911235809326},"size":1.2971121072769166,"orthographic":false}